bin_2min_utc,credential,errors
2026-10-03 08:12,c3,1
2026-10-05 01:44,c3,1
2026-10-05 01:54,c3,1
2026-10-05 02:00,c3,1
2026-10-05 02:10,c2,1
2026-10-05 02:16,c3,1
2026-10-05 06:10,c3,1
2026-10-05 06:20,c3,1
2026-10-05 06:36,c3,1
2026-10-07 15:54,c1,1
2026-10-08 06:54,c2,1
2026-10-08 06:54,c3,1
2026-10-08 06:54,c4,1
2026-10-08 09:28,c4,2
2026-10-08 18:18,c1,1
2026-10-08 18:18,c2,1
2026-10-08 18:18,c3,1
2026-10-08 18:18,c4,1
2026-10-08 18:24,c1,1
2026-10-08 18:24,c2,1
2026-10-08 18:24,c3,1
2026-10-08 18:24,c4,1
2026-10-08 18:30,c1,1
2026-10-08 18:30,c2,1
2026-10-08 18:30,c3,1
2026-10-08 18:30,c4,1
2026-10-09 01:06,c4,1
2026-10-09 01:18,c3,1
2026-10-09 01:24,c3,1
2026-10-09 01:28,c1,1
2026-10-09 01:28,c3,1
2026-10-09 01:28,c4,1
2026-10-09 01:34,c3,1
2026-10-09 01:40,c1,1
2026-10-09 01:40,c4,1
2026-10-09 01:46,c1,1
2026-10-09 01:46,c2,1
2026-10-09 01:50,c4,2
2026-10-09 01:52,c2,1
2026-10-09 01:52,c3,1
2026-10-09 01:58,c1,1
2026-10-09 01:58,c2,2
2026-10-09 01:58,c3,1
2026-10-09 02:02,c2,2
2026-10-09 02:02,c3,2
2026-10-09 02:02,c4,3
2026-10-09 02:04,c3,1
2026-10-09 02:14,c3,4
2026-10-09 02:14,c4,3
2026-10-09 02:24,c3,3
2026-10-09 02:24,c4,1
2026-10-09 02:26,c4,1
2026-10-09 02:30,c1,5
2026-10-09 02:30,c2,1
2026-10-09 02:30,c3,6
2026-10-09 02:30,c4,2
2026-10-09 02:32,c1,1
2026-10-09 02:36,c2,1
2026-10-09 02:36,c4,4
2026-10-09 02:42,c4,1
2026-10-09 02:48,c2,1
2026-10-09 02:54,c2,1
2026-10-09 02:58,c3,1
2026-10-09 02:58,c4,1
2026-10-09 03:00,c2,1
2026-10-09 03:04,c4,1
2026-10-09 03:06,c3,1
2026-10-09 03:10,c3,3
2026-10-09 03:10,c4,1
2026-10-09 03:16,c2,1
2026-10-09 03:16,c3,1
2026-10-09 03:16,c4,3
2026-10-09 03:18,c1,1
2026-10-09 03:28,c3,1
2026-10-09 03:28,c4,1
2026-10-09 03:32,c2,1
2026-10-09 03:34,c1,1
2026-10-09 03:38,c1,1
2026-10-09 03:38,c3,1
2026-10-09 03:40,c1,1
2026-10-09 03:40,c2,1
2026-10-09 03:44,c3,1
2026-10-09 03:50,c1,1
2026-10-09 03:50,c4,1
2026-10-09 03:56,c2,1
2026-10-09 03:56,c4,3
2026-10-09 04:00,c4,1
2026-10-09 04:48,c1,1
2026-10-09 05:30,c4,1
2026-10-09 05:42,c4,1
2026-10-09 05:48,c3,1
2026-10-09 05:52,c4,1
2026-10-09 05:54,c4,1
2026-10-09 05:58,c2,1
2026-10-09 05:58,c4,1
2026-10-09 06:00,c1,1
2026-10-09 06:00,c4,1
2026-10-09 06:04,c3,1
2026-10-09 06:04,c4,1
2026-10-09 06:06,c4,1
2026-10-09 06:10,c3,1
2026-10-09 06:10,c4,1
2026-10-09 06:12,c1,1
2026-10-09 06:16,c4,1
2026-10-09 06:18,c2,1
2026-10-09 06:18,c4,2
2026-10-09 06:20,c1,1
2026-10-09 06:20,c3,1
2026-10-09 06:22,c2,1
2026-10-09 06:28,c3,1
2026-10-09 06:28,c4,1
2026-10-09 06:32,c1,1
2026-10-09 06:32,c3,3
2026-10-09 06:38,c4,2
2026-10-09 06:40,c2,1
2026-10-09 06:44,c1,1
2026-10-09 06:44,c4,1
2026-10-09 06:46,c1,1
2026-10-09 06:50,c3,2
2026-10-09 06:50,c4,1
2026-10-09 06:56,c3,2
2026-10-09 07:00,c4,1
2026-10-09 07:02,c1,1
2026-10-09 07:02,c4,1
2026-10-09 07:08,c2,1
2026-10-09 07:08,c3,1
2026-10-09 07:12,c4,1
2026-10-09 07:14,c1,1
2026-10-09 07:18,c1,2
2026-10-09 07:18,c2,1
2026-10-09 07:18,c4,1
2026-10-09 07:30,c3,1
2026-10-09 07:30,c4,1
2026-10-09 07:36,c4,1
2026-10-09 07:42,c3,1
2026-10-09 07:52,c2,1
2026-10-09 07:58,c1,3
2026-10-09 08:04,c1,1
2026-10-09 08:04,c2,2
2026-10-09 08:04,c3,1
2026-10-09 08:04,c4,1
2026-10-09 08:10,c1,2
2026-10-09 08:10,c4,2
2026-10-09 08:16,c2,1
2026-10-09 08:16,c3,1
2026-10-09 08:16,c4,1
2026-10-09 08:20,c1,1
2026-10-09 08:26,c1,1
2026-10-09 08:26,c2,2
2026-10-09 08:26,c4,1
2026-10-09 08:28,c2,1
2026-10-09 08:28,c4,1
2026-10-09 08:32,c2,1
2026-10-09 08:32,c3,1
2026-10-09 08:32,c4,1
2026-10-09 08:38,c1,2
2026-10-09 08:38,c3,1
2026-10-09 08:38,c4,2
2026-10-09 08:42,c1,1
2026-10-09 08:48,c3,1
2026-10-09 08:50,c1,1
2026-10-09 08:50,c3,1
2026-10-09 08:50,c4,1
2026-10-09 08:54,c4,1
2026-10-09 08:56,c1,1
2026-10-09 08:56,c3,1
2026-10-09 09:00,c3,3
2026-10-09 09:00,c4,1
2026-10-09 09:02,c2,1
2026-10-09 09:06,c1,1
2026-10-09 09:06,c2,1
2026-10-09 09:06,c3,1
2026-10-09 09:06,c4,1
2026-10-09 09:12,c2,2
2026-10-09 09:12,c3,2
2026-10-09 09:12,c4,1
2026-10-09 09:14,c1,1
2026-10-09 09:18,c1,2
2026-10-09 09:18,c4,1
2026-10-09 09:22,c4,1
2026-10-09 09:24,c1,1
2026-10-09 09:24,c4,1
2026-10-09 09:30,c2,1
2026-10-09 09:36,c1,1
2026-10-09 09:36,c2,1
2026-10-09 09:40,c1,1
2026-10-09 09:40,c4,1
2026-10-09 09:42,c2,1
2026-10-09 09:46,c2,1
2026-10-09 09:46,c3,2
2026-10-09 09:52,c1,1
2026-10-09 09:52,c2,1
2026-10-09 09:52,c4,1
2026-10-09 09:58,c1,1
2026-10-09 10:02,c4,1
2026-10-09 10:04,c2,1
2026-10-09 10:10,c1,1
2026-10-09 10:10,c4,1
2026-10-09 10:14,c2,2
2026-10-09 10:14,c4,1
2026-10-09 10:32,c1,1
2026-10-09 10:32,c4,1
2026-10-09 10:36,c4,1
2026-10-09 10:54,c1,1
2026-10-09 10:54,c4,1
2026-10-09 11:22,c1,1
2026-10-09 11:44,c3,1
2026-10-09 11:56,c4,1
2026-10-09 12:02,c2,1
2026-10-09 12:08,c1,1
2026-10-09 12:08,c2,1
2026-10-09 12:08,c4,2
2026-10-09 12:30,c4,1
2026-10-09 12:36,c1,1
2026-10-09 12:58,c1,1
2026-10-09 12:58,c4,1
2026-10-09 13:04,c2,1
2026-10-09 13:10,c3,1
2026-10-09 13:10,c4,2
2026-10-09 13:16,c1,1
